x,y,z,s,t
43.708610696262625,266.61963595475765,3.355351153623154,204.84517852764978,220.0531233526158
95.56428757689245,587.7108526405223,3.2228091916479986,424.19675861285543,757.525090247929
75.87945476302646,885.6512522887674,9.15629122468933,575.0966796506561,777.4754946463567
63.8792635777333,759.0023977686051,3.245915798645555,363.46886885407065,595.3579548830994
24.041677639819287,825.9050330753048,3.447547535157679,258.06516905845274,465.6429531300628
24.03950683025824,692.9050300396456,7.8345843617616735,343.4590695299641,412.302056697633
15.227525095137953,723.0489080660673,5.04765858205486,231.8068548346699,408.23822816107497
87.95585311974416,864.2760864087874,7.990395012596631,574.322702700329,854.6906772237566
64.1003510568888,324.70120797326734,1.588295418079467,272.2851283835957,375.0884382177152
73.7265320016441,540.4824672788264,5.388140743060458,379.53784123384725,575.91334586275
11.85260448662222,299.08849763764204,1.3025224016495436,108.41094078964838,179.00796859321855
97.29188669457949,988.9012071969823,1.5638788310981906,504.5470962620696,966.433180333737
84.91983767203796,949.653405717952,9.157937080099698,615.0626717207443,878.9352010764945
29.110519961044854,135.4841302316553,2.2532083400583565,132.34281958912607,121.4428869604039
26.364247048639054,735.0176552641196,5.791786140476954,288.46724601417947,429.31695053433145
26.506405886809045,932.7234856740993,4.699860423406359,300.24207560768383,525.0201160171373
37.381801866358394,262.5178106146002,4.126089936329584,190.36826353422555,202.27067544024524
57.228078846901404,611.1507074973665,9.098500111185452,462.6849813858043,485.99338584333077
48.87505167779042,923.9394678292376,1.1964105709794055,343.58316937922876,565.3033733911418
36.21062261782377,130.55138072721897,6.9741071755803015,238.39096478161517,142.53229829346358
65.06676052501416,727.6782405221559,9.670549907921954,525.3419492507936,608.967634166273
22.554447458683764,367.6141066352957,6.041513651156578,211.79267773208426,242.85957797920972
36.29301836816963,931.9565758388774,9.431402158297827,473.1068221245382,550.7595856650906
42.97256589643225,973.952420648831,1.470320913574214,337.9814349039442,565.417985374075
51.046298579533236,949.8398402020905,4.769139871667452,378.6123530068975,601.0324739965973
80.66583652537122,526.7927949917174,3.3414201186584602,367.70124307201655,618.3192207273233
27.970640394252378,875.8383858903821,7.577388684826568,383.53315108549776,506.5242558039269
56.28109945722505,860.0944586815633,9.83167381447522,530.2282047473662,605.7359784529714
63.31731119758382,387.1904259189301,3.30877056199823,287.6219413546815,404.94615444749286
14.180537144799796,846.0239267356096,6.88757141326667,312.3062471280783,473.49620947055973
64.67903667112945,133.30687124394336,2.7828786948376614,239.69801532628338,287.84435478185304
25.347171131856236,636.6428906338477,6.087972291144489,275.55714966332954,380.11539062809635
15.854643368675156,307.00795355893274,5.175392380195026,153.58774235085124,201.5964882708248
95.39969835279999,208.51019719955093,9.748047966683833,514.7733240328811,586.2556189217216
96.90688297671034,169.25788146628824,6.476745454268199,410.3922262846685,568.3506211326123
82.7557613304815,726.6598982903258,4.145557348781369,419.5344901165975,736.441174984733
37.41523922560336,405.8874673912595,2.0268620639914,210.6174724760814,267.7276112851614
18.79049026057455,752.2900943758854,2.361221458614411,225.0156557929097,419.9401406760147
71.58097238609412,158.82070671904813,3.0278523695611157,265.97779046984726,360.03543180680094
49.61372443656412,383.7613040475493,3.258699952062682,245.66328676056716,305.34956617798184
20.983441136030095,585.5421631378035,8.65554452057024,336.85150505771753,358.03383823850686
54.56592191001432,811.6508483550672,6.051005094542724,396.9562629113576,558.1378737612295
13.094966900369656,386.8772526388629,5.710518202369298,176.46163185915032,238.46518984763705
91.83883618709038,663.3022387933082,2.0329198468229572,425.3935599795138,764.2398953401662
33.290198344001524,897.3799734125685,8.741257240144915,438.4810133671006,526.5989886487148
69.62700559185838,654.2768693640741,7.5053287288763535,461.7946470681119,604.6187367199148
38.053996848046985,309.6635272782704,1.6090152571000143,191.26525365074696,219.7417446820284
56.80612190600297,121.96070340088421,7.370515875067918,312.3134067637921,233.10338789407012
59.203925140895166,883.0889865108369,5.8918439560838145,419.8429361254328,627.3775302832073
26.636900997297435,119.14246976534842,1.7355281117210044,119.62793634626752,109.45239869644821
97.26261649881027,887.2315054157795,5.124705773757908,512.5974204461938,926.0519523745156
79.76195410250031,576.0434206244909,5.362266584170423,404.040773620712,642.0577999221445
94.55490474077702,945.1609286616066,2.4919708614694818,491.1655902764225,926.47372373749
90.5344615384884,818.9049121962988,9.51128332300254,615.4494128213029,855.0678781885316
63.810998092997664,998.1406994800037,8.649778343325957,547.6956229727361,730.5670210906311
92.96868115208052,415.64063390653916,7.021201035961975,467.35691084469823,663.5939306883399
17.964325184672756,790.4694600380142,5.160660049005465,256.23971402713084,446.3455985610543
27.638457617723066,461.73782224831797,4.705889874260577,209.55394751132795,290.55734067739945
14.070456001948425,531.888058273518,6.858761204358587,248.11737006690853,316.15165498732057
39.27972976869379,664.7549168965331,5.908886824662149,316.9638629822308,413.0929588185987
44.98095607205338,886.3094027677049,1.5604579529369706,327.07427241035936,529.4578575545304
34.42141285965063,985.6751222793656,5.612523838932985,357.18506747712155,562.9959300054711
84.58637582367363,791.4460724780664,8.257632555095554,557.6216640266085,794.6926373025983
42.10779940242303,475.99010395060037,5.133158898372622,265.0923122731912,324.5116669711231
35.28410587186427,479.22130204936315,1.4676091979884158,215.9511408449182,298.7170175127277
58.84264748424236,763.8240714300024,8.076503794456297,469.50602318045605,571.4959275580678
22.683180247728636,314.8994311914721,2.8122740392237695,150.08118086044783,206.94159907745865
82.19772826786357,199.4267018182552,3.327587513992349,306.7749592268929,466.19626113306015
16.709557931179376,419.1599418766989,2.482357180890663,152.40998353811494,250.88727344497323
98.81982429404655,358.51509248867353,3.971935583843478,392.333408313976,670.6124080183429
79.50202923669917,366.6773084103911,7.810763551197716,443.84826633774776,542.7070635422384
27.884411338075516,310.246975944919,5.674472735535436,204.38379338051797,217.941056990616
10.496990541124216,137.8838706727257,2.843931467356413,78.17648860306842,100.32853914655581
83.39152856093507,116.08654126007244,8.900470703368367,436.8347857948702,450.1439367457577
73.61716094628554,988.9501507624284,8.916236694563763,582.5091028386142,809.8233922283764
75.61064512368885,484.9958203622761,8.835205825414063,485.5128778169752,574.0001233013872
79.41433120173512,445.8939824437135,3.1491659024338534,347.18055009153755,567.64986004352
16.664018656068134,711.6825544237629,5.061154097628893,234.16117410196927,404.81788080425014
42.261915568984534,296.42849907855776,9.864906905267876,376.44366177912707,249.43012430969583
20.428215357261674,954.9650655552028,7.948112286789914,388.5783668334573,540.0054541941461
87.67930832880342,807.7105129739969,1.2445067910300383,437.1500036720921,804.1842935960074
66.09683141448022,180.46990208103358,1.5868413213444286,249.41931823626405,319.84958817372154
39.78082223673843,475.8226982064355,5.175382391310995,259.12897648552797,317.7172780656258
15.720251525742128,891.2064768059482,9.182981852754041,396.45083005440245,505.50848426274007
37.9884089544096,950.2588200622693,5.848316181574428,368.2096780781131,552.6115060033426
39.266498982407235,520.6613601248828,5.480312572308612,274.8058749348158,339.72720141330126
75.66455605042577,652.070250289637,1.9492632996096753,374.299294784177,637.3181347559037
67.38017242196918,250.3305514828677,6.911020942518647,353.6049936304178,381.6889471772234
89.84914683186939,992.0517635232789,8.39892844540203,617.5933398971216,933.3824416435998
52.49934326457544,308.5045312450991,4.423780067568061,248.752188888173,288.1532955450079
20.763482134447152,948.458596721613,7.980506658327947,389.2792026101163,537.2250745390163
74.19203085006956,684.6819840931316,9.680289885107305,544.4011064287348,664.7440006213783
78.47065437552077,646.9631153909733,2.833898132149202,383.8951658818885,659.8649536622333
60.51494778125466,561.4196599148577,5.709966680752672,353.612824181237,476.35021108180865
79.38704619591049,307.6028305459828,3.58424162276118,321.09193444648577,499.5975584098819
54.44160367279517,258.87522880495743,8.135689771304554,357.08457272008934,287.159255245227
57.045954644379464,298.4375881631578,6.198340292930418,306.8167937838838,319.5889850563791
48.47869165226947,267.7944359298291,6.711241757952734,293.227527975363,251.72338867976367
12.287721406968567,801.626026210078,8.181227436543047,340.5226465270882,451.74765417675206
19.7102284293974,415.1127332500571,4.563734253962094,173.91886043650806,259.0916798405139
12.828626711806082,152.05840890705673,9.23581061566339,241.37640460343172,131.1419735685222
67.27693701374024,972.1923671267302,5.797259805215259,458.8154576842087,738.3975576697452
38.2920382968694,895.4072964670831,2.421593405518132,312.27964449399514,515.588578359217
55.77136220482325,934.9770548756917,7.263092063519222,468.1189645165254,631.823396350902
91.68098265334837,995.4170403817917,8.13935215394429,616.2200371315969,947.4741142999158
32.43630062339874,256.50572429753856,3.85085509360774,171.75547406959782,190.3738985715451
46.93446307320668,456.6178170123929,8.714613312988778,390.5355092597962,344.5985277850061
77.99960246887439,782.4146281336822,9.155289292891897,560.7827630546655,742.8409052044325
30.59183489424602,726.418556248413,3.4921403864002802,258.01518207658415,422.12503576687885
16.92819188459137,238.50631570586955,9.851693254436999,288.45690944274116,182.9877105105952
36.077630762239124,834.249812491556,2.266403752438826,293.0326724590182,480.0145167128515
24.5099158528604,301.9965146529946,2.81814101562241,152.9912990298365,202.22949190393948
93.67278871083158,301.4358533403608,2.658023553142235,360.0851352348582,598.5709128034582
82.73083416079753,583.2769806040722,9.045907390070834,532.2034933427865,679.2648551125341
67.00633808593811,633.6459413575328,6.8886329709246565,428.34603318179336,570.08992443906
88.43145311689459,622.07758705403,2.3689385490004558,407.91399840449066,720.1394813077011
82.33048692092031,182.33815365797938,4.962910765315141,323.03222604170844,463.5534685291565
26.791305299743225,889.7147763673423,6.5376822256282185,346.31703457111234,509.2821958664311
90.330309864098,339.04003832983545,1.7511767649044496,354.76993250134245,590.387865998064
58.540801772408564,216.56342915452376,8.94174731566605,383.4894334382776,298.137085544318
82.66961396476563,899.8732718820795,8.232431818973817,572.8217473604383,834.6657648900893
90.64821699311439,960.086348406778,5.5468609621897444,518.7815636571834,914.583385255007
38.62031274746775,875.9148555389056,9.704139537332534,476.62713735051807,528.4519868884489
19.90467320749091,828.5644672523903,4.759848813475897,260.750494592246,466.6360417723839
30.51416462877475,689.7177825751196,9.85699287132848,419.6178367714699,422.7866625596139
48.43970097636307,595.7716335482254,7.011279989232643,369.44401012609717,416.4127745237318
83.62132893302439,178.28808392026912,6.712041459285473,380.7829127992911,476.37940954048605
87.46575249307091,467.60789176362886,2.493594057662065,374.39077757446347,636.3455107469252
10.625691747807164,435.41966531108255,8.937349824741796,283.3970030263539,267.6393203802973
55.967257231980916,333.7784053842936,4.847407191285536,271.74317692876065,325.3720650328876
47.56699028339011,751.0781023197264,2.460100652042314,311.3203063846699,476.0699119383186
29.98970294236572,546.2881615708937,1.1134676797818313,210.67871409957735,324.29638463425704
20.787883060031454,172.94159431688314,6.037801152745443,167.43276366928998,143.66546507319674
40.385365426326516,298.16488175483016,5.746596599104087,241.72374646406854,232.24264679585394
94.86187335212672,714.9328872936363,7.474182601322427,548.5864002281857,828.6003265487392
39.088263881867974,168.51777354127017,9.01232247716022,317.4208602103383,173.80753994259138
56.691155956902946,866.0862226438918,1.7146592617872658,359.06752080203626,587.357478538183
73.27170630056601,545.6318743125769,7.583468413063261,453.59581888101343,581.2917860930514
42.726664214136456,532.5279195939831,2.68670749687824,253.51596242534637,347.50507800138587
97.46038744488646,633.1670061935658,8.723593478414475,577.6679616984719,811.3653777604695
96.62025654479001,842.2128693326342,8.371571624754905,607.1599078779333,908.2942820823648
32.66040662428277,413.0282871119737,5.867143794869899,245.3922017501417,274.9681423822429
54.75236553031469,710.2145373031572,7.392185187609804,424.5413429785405,512.7174743566034
37.07904788350927,609.1587675962119,3.8291510186537354,256.04717036213003,374.0791550745928
35.63564449397208,340.3254431524792,5.240511090395332,221.260386243265,241.18801108935406
13.319825261907951,890.7669877196422,8.394732079394245,367.629152788102,498.87096243095345
64.86079005819072,817.6834194462353,5.133386774558925,401.6955573698249,638.6180646430819
55.24111209059753,692.606651192583,4.220184387928976,331.0516472765529,497.77790155283446
14.633087612499041,865.5235561848177,5.447912025252699,268.9486658965017,479.6964522492349
35.07818178129503,880.5647808638221,8.454243271934965,432.5478386663376,520.0071857471971
91.74392973699884,737.5266790435313,4.016872426337855,447.3304251421764,806.616928173441
31.560570160027517,853.3119955273048,2.5638543382216943,283.9521149413205,483.86176305859306
23.04053848821008,727.7243155023552,7.408126182977027,333.4495666464646,427.48981919095087
54.05074842498067,712.1266945842704,8.433803914372735,455.20128143698327,512.048257617796
98.70854086995406,656.7502403936659,1.9057373067118,444.18363717269665,812.6325550731976
31.784974436035036,777.4449756018771,3.1588670148035023,270.6280650418604,447.9753905718957
70.49219926652907,242.74459476376634,2.277747907848945,278.0052419323431,390.5287086571566
78.54576537958458,892.7836832790356,4.131472704239499,439.9725646303722,787.2581191663663
31.38737895931597,884.6591749707088,5.053158810148714,312.73782321417474,506.8045368881992
75.53947137506736,126.32255473110322,7.739437032669758,381.6151656046981,390.79670112787005
43.10048194473279,843.2350755082864,6.860328263935067,397.5329876477978,516.678161209516
66.90752475342215,215.9828807261007,6.588357107305881,333.7366195703,359.5148941130741
67.01767396848052,401.6069688332277,4.171374519486889,307.6032797432723,446.0153464894793
58.21972156672826,769.157430662447,8.57302797776284,483.00861038233506,570.8739016988086
18.12607930489675,244.68390644347738,5.241584506583481,149.63130068665146,173.91255945407556
85.17722460303142,836.170321707156,9.81194444213639,611.5385841682428,826.0328366477759
38.870205847456226,848.9207601619677,6.707279244661631,380.48491085210776,506.56113663844985
26.786665935986882,556.7209603847525,2.1363826740805245,209.27519690158246,329.57726393462536
13.669762739928753,105.74728454515022,7.085598058678906,169.7604946414211,103.05956714495946
63.18036488694176,358.3343198574215,3.925936138885291,284.97030158538746,391.22977624520183
70.98079256580542,655.234226538168,7.1769447701748765,454.80062049119283,615.6146503981721
11.492904603507053,983.0675602246811,1.6267703334616517,246.36932793368436,521.267911373699
56.088375246935286,668.6321743150015,2.5739329345836346,320.6184249865031,486.8454179911987
30.384619767814417,333.82322295774384,8.701635330152076,315.9728593299377,241.23673256671478
68.06555113685049,670.6051327896503,3.044616013211634,357.82530039968503,586.0784108894993
25.69297861044923,585.9868417442699,8.53337012718646,347.6926864807825,362.4312410325327
72.18439642922193,801.8608556360292,3.5134847960896938,397.98072244179264,688.0952382255845
44.806181167048365,196.28257494426256,6.785937190528369,270.59133284843773,199.41356955419468
94.30569898630611,784.9251122518252,7.247355161588479,553.1661924286958,858.7670265659062
22.376884973139394,587.1399208084993,5.613892778305477,241.38591032894035,351.16284371468925
40.695971594523265,966.6928034730952,3.7477960902705814,337.8209116131167,561.3893877795681
20.212616911653015,407.6849494348175,2.913799387339865,161.4135778382069,251.0162587482073
93.22242564507064,669.3597038205534,1.298704191061836,426.54459034284514,775.1441130991897
88.9605418042883,938.8252949590158,3.7355176111665145,476.9586866912713,886.4067361879893
33.21474649436401,192.25875519161133,6.878465114781547,238.32995973994264,168.3474726836423
69.39856414307611,943.5056385128061,9.444743366036343,575.1035338436941,753.1047578143356
83.54999801810942,719.097150070732,8.840840340367468,556.3034734378732,752.6430839264024
59.96807304395161,161.0533531946547,7.8945829888177235,346.75552968758063,278.3693227867661
57.66855205204058,370.8672102521346,8.096026089279688,387.97887481111945,366.1309383613558
31.76670618104065,737.3548797807534,6.984864131283957,346.802756507137,439.3867979385812
18.379249102530927,160.6155413218945,3.342581718094027,107.61017483097496,126.51601207815897
90.74941821579941,623.953414158646,9.16475527635247,567.59544076818,758.0986957632542
91.03762514469975,411.29475125766106,7.036590807152506,461.24031175028796,647.4602135668981
66.97913115459411,658.8239659907294,6.04396567882396,403.39178342039884,579.9128971104012
40.51268119438306,141.16783043126156,1.9989052229213295,166.8603785482409,142.85840742905697
41.428861715139476,884.3831255371387,5.023499894257829,342.1143717437371,526.2362081747431
75.33601109832155,976.1400722596572,5.143224440817336,465.0553915098569,806.2577508464151
90.73992339573194,971.9900697571223,8.78107248570403,626.8338869418654,930.8976510823483
89.83777818386056,774.6866485686322,5.919833981690096,490.9854455666224,817.181028327404
80.18879912718614,217.07761611756877,4.423604940733687,313.5325732125971,463.05049931792325
67.78284815388591,782.4368763361203,9.791202956595933,547.988429862641,659.8201564910705
17.572596849554394,122.12822481292136,1.9964853399368412,94.22288715927634,102.14669680066561
24.54658426851524,119.91119637609754,4.802935854807501,133.7993434135149,117.17454029747061
90.86987696743714,391.24919723458714,1.3782220765426476,364.4736106521945,619.2540526655708
64.57861536936309,539.7788713641992,7.659137086902373,428.82716000556417,504.8625111604631
10.827734645496669,793.3666760270139,9.262688969792356,364.36515470790516,447.9986293138333
19.132438857942887,714.9658389458547,3.5203359659544047,221.47848363473776,405.1851504675166
69.71515921972502,501.3124357390735,8.725075091192089,468.10173951007863,532.546590178011
10.455542546159682,346.2639996534993,3.62996407415708,122.28082277305641,206.79186227687757
24.472724627574877,997.4120501419401,9.196931454795237,444.32648239715854,569.039795203203
59.38604104299275,483.5631720123757,7.785657132371055,406.0803393883083,434.7176003830616
72.27056779234239,506.2483218967079,8.244160991572947,463.242157219313,555.20510018657
68.67651335523405,247.26143907250227,1.1620590004040905,267.3588241716274,373.97515336914506
30.18423785145038,815.3285938749365,9.665293213666233,438.072187346053,484.67174093057844
74.09612992127823,724.3140032033398,7.540038928632909,490.36679864229075,677.3465870246009
31.352417874712007,298.69265150988434,3.7427598584751998,176.1562323994099,209.85032712842718
39.285972834334096,174.14294105425842,8.464551983729622,304.1769987816994,175.4696733235485
77.18422646062217,712.4493718672418,3.5336907857343696,395.19521331064146,684.51251784784
68.46696091424931,689.0600928530217,8.85478455609515,505.42358534418497,616.1637858987315
86.43010694447601,345.9335742983884,2.013223513707433,345.62032517027774,566.6053208889616
69.18516030703091,955.7772060253693,7.333173797147162,514.9359729892747,751.0863195007802
61.147774300192445,235.9521026028102,5.866286289804193,295.4111028477367,319.1751659984657
18.430729104528325,489.1013209383417,1.8688102317589674,169.65657022349063,286.40490318926925
43.09442227534902,949.254328150839,3.177044454329551,338.96691163521126,558.6165694585537
33.86821309135529,477.75458523351006,1.111636326495833,208.5912779418549,294.7094315818092
31.95906790411752,674.673352897677,5.218911689180553,276.54158510823856,402.9767638597881
97.57094992772011,457.83495816651487,3.711387346840003,406.43404159893794,709.5314712739614
45.378795220008435,346.793682113803,6.38521735867983,288.05567460640316,275.81800935969784
90.2841899659402,985.5798831638454,3.675140269377555,489.8959479142088,919.0983533275231
66.80247633975367,468.40060568353874,3.699272003562862,316.1645910010502,476.1608789021209
81.53301731874836,904.689283311221,7.6887387885844305,553.6341013200438,826.9032475385083
55.23733837946729,306.95914530197757,1.4332855238051811,241.11806176849396,296.5671318521117
61.92134961637232,291.794233622575,9.126054956727884,413.6356537720887,363.16946671830135
54.32659244369775,128.02067459606022,8.670374869520632,345.78325135575176,222.55784435863418
27.571868901824004,686.5001428382966,7.0102421490376585,324.94936108732236,409.79136226181106
75.02069037353547,431.673709351385,6.338994130966459,392.32030475280726,535.0333396733869
35.26951261967702,877.9224248556734,9.03072248325687,448.34028223215705,520.7324764935947
12.188436978830845,525.8889160224014,2.66797161575843,160.54035634320604,297.15030006381437
68.09250663164511,971.3740851232495,1.7107224597174575,414.3077425994808,732.6913748719154
25.939961146634403,266.972964132809,3.155591529185843,150.9900078808301,187.01007010274557
94.64127259176229,881.7608511600497,8.151204508301714,602.7217928880564,912.395780101038
95.85357193023286,798.9371675125676,1.31203240053835,460.4580774364439,859.602243272309
92.33779511984037,793.8296601796468,6.245261515751407,513.4067531790931,845.7608206490113
43.31428302299,860.3049053051989,9.95893764572179,495.2735285644314,535.2694638409198
11.391095487598069,784.921591848699,8.701264844537855,349.20184240606153,443.2176690461779
93.54867063289528,663.5982894682738,5.693011201392305,472.62136601008984,787.8429464524481
48.53657334855829,218.1203899141488,1.572768183579781,204.18097810597672,211.76768293610934
96.99893371393026,129.2735615421267,8.482361629471388,468.84223972403487,555.0903625566555
96.72579793803276,928.7630630341182,6.390806573594895,558.6889601004476,946.4424799358765
86.7708509920624,654.9852830686642,2.0343969735361016,408.53163360353153,723.6538383465798
36.50040028626271,816.8835618785587,1.844715563410206,289.31104538905265,470.8534564002352
44.658795574173276,533.370116361295,9.186641374929332,411.7980915964,374.5699814149367
86.60230043651713,205.57737006615503,7.022802366442706,406.301932204019,512.6992302410266
38.522980464064986,212.66721298229538,8.4635811938508,309.5655707508609,192.87798022788547
25.254347201748324,717.0087585060742,8.910810102540406,382.8862298872435,428.6839902808788
60.11211362125152,487.2753054095164,6.1459511684349,351.9687956319643,437.37614947889614
94.25392967447029,280.472254030303,5.657017165795372,396.9994843266032,601.3850413337597
72.64268170074757,542.4350920672932,4.873846692888912,364.0538867430318,566.3090475962097
61.30550530804285,157.78804336762067,3.8525192901200738,238.63257219026514,275.3289725792307
18.74588443936917,623.774261722959,4.911363647728406,219.43279377532738,363.2758104880944
65.35065040292528,342.0940639915879,7.964916901571407,401.2890964166163,413.46165446190753
99.10484650938369,817.8031905734694,6.417310879136184,544.5761733593042,909.9053893251456
22.60756137128716,379.3257630312164,9.032709609593615,310.6885288752273,257.7415338340369
56.64966871273631,509.6981341736211,4.99042012941269,312.08124232560874,418.68789048668725
88.96357647351599,110.45848591729057,6.463806208468786,374.34041209222727,480.42995345727
76.6691755978784,165.202199015103,6.681767977827898,356.2211382639897,416.20561733909256
72.73141668957412,453.2442007660163,6.32527446075693,389.2820515085084,526.8109131279914
73.22356755883983,531.9449512454112,7.323703957769647,441.95963887444327,573.2678198346593
42.35420360977797,640.0184933073733,3.1369012153732565,274.79352217090013,401.3460649976853
36.4232659838044,362.4963208383729,5.611273997912116,238.5170241036181,254.81330752789535
82.84250399306623,725.4836975138883,1.938023225275129,410.4693850832427,729.8770153533709
82.91020552112627,874.1101574702841,4.460601948803313,453.6618999872145,812.2621722907242
88.03650867220934,801.8658900040148,5.38900361759138,474.76845448384887,816.2603409832768
92.19164973008242,135.65694281352143,6.870018335909252,403.6379083442801,517.4868858926492
56.020815897484404,532.456252532046,9.55477947327583,455.8449633410957,439.2160381485914
55.136466521847964,194.43716057635737,6.405859598935203,287.5905744432872,254.52157690962628
81.84656610700976,317.8405142762747,7.692345245589038,437.3218044834277,535.8567801811014
68.49675376999886,987.9963339404318,5.556394535456825,458.1918208628498,755.9910887706914
73.17701895319331,228.2459886113619,6.706936282386982,359.2580686783668,419.1799175310924
81.6213402492491,548.9993381062204,1.638389945203961,370.0096958043521,631.5749095567411
90.10048076358096,656.3401608863072,3.289524227576623,421.73748761126774,752.002339387227
40.41956411663823,732.2184734896936,4.256677838846248,294.9615166836662,444.89526896148755
43.802465737594964,603.6838151382227,5.252440195058622,298.7435927564463,394.62510956881374
18.45837458567821,108.79376267726529,1.4108387095214536,90.98714836934536,94.91325763660087
62.045212689655656,393.8151774195927,2.2602168779798593,282.8319814860485,394.59700154772895
13.234804641706788,565.9404790462403,3.491328770121752,173.84476379062497,321.5936884650778
51.90382163192142,179.07984923035002,9.743794218109455,378.2741602197525,235.71324542057087
58.838017123681894,415.5642380882627,3.9821230639274567,283.89153673732466,385.04709075648606
35.7887126915456,129.8827979122299,5.338369523008743,182.23518581620004,136.52859105559241
63.174993451210966,170.72064743951867,2.764879414645536,242.6368879232258,293.89509793123625
12.745022494514448,457.23094858143645,6.497020639681915,216.22590589681738,275.3568181575582
13.361336987429297,219.44417863875432,3.5261489396437686,105.08882071513214,148.6786592564318
84.03405045936924,610.7867634354023,2.8629332059458408,393.40294770361504,684.1247782766076
42.41715772701366,720.5184722235392,5.649153656013811,329.2570652229792,449.34219656856527
21.435446138669633,820.5280291981746,1.0495521924437874,239.28706709050678,453.19488341009964
57.001893404932396,280.1352198203291,1.0689762938430278,238.08523019835388,294.7247816231135
79.29941977887498,250.73432403316278,2.9716192819167198,307.3977275019123,468.6442467256654
29.423892474715885,194.11105630096023,1.3304922625073903,140.34696453623206,148.29304841226417
66.06014282371002,672.787224589273,1.9722317871762223,349.722280340165,566.8524443852083
17.68127184943912,735.828153838211,4.049745844048765,225.12663989427637,415.30655041565853
14.651354905174692,128.42753034307782,8.223271116218315,214.20978693013825,119.50515025255356
57.82191684113332,942.5910216193208,6.148437790323707,436.24712816186076,647.303581778348
58.657160944909585,146.77415528632517,5.614009533607748,262.15712268242544,254.15326643396804
67.3686911348386,587.1667017709634,3.6413994088730948,341.2664336539913,540.2001693329672
75.34822003503955,738.1544675058248,9.385783474895348,550.2512625247032,700.0922860004134
97.82668715162812,883.8722113714771,4.573135371134725,502.17843923393957,927.152559455146
56.46703134710758,742.678238919185,1.7838349011619434,334.07480553183245,524.2295032715128
39.06608256471213,821.5552747628126,6.5535986450602115,370.07991081688806,492.8954085817826
81.56675752918333,405.50517328852544,2.0245455412894127,342.9869765275543,560.5737570884683
34.374902613586684,833.3426023718611,4.107008285215229,295.30540729418055,482.2420512078539
49.507427863507246,172.1033617462076,5.56670744846028,238.35209335859463,205.8665146379019
17.061074320803936,905.3349904544749,8.868002722166583,394.81767806559054,513.6427044726402
12.281566907391177,592.8331385383626,5.441919223061068,207.18542222040165,339.12159317528574
96.63835732101326,835.5679929662443,7.3203288942849785,572.8126481665249,901.9578424799548
85.23821084609853,507.08645606647013,9.935351550991633,549.6675669925232,662.3053391920904
72.63767854843282,679.2199256768724,2.1834020790818345,371.4730349201467,626.5882207557012
46.80576499728429,573.7623948425019,3.4725837296756756,276.0376447891536,386.84804994510137
25.596488806376122,758.4305695797987,4.551184680378817,260.0317973189372,436.6208266709057
24.079333840397744,173.4669838275306,4.796453606849482,142.97864619547826,143.50540780710895
32.52186083481358,154.31687559150743,4.699189677389912,162.59459596626868,141.932215941227
59.43039982355084,322.39291060913183,9.168499023008994,413.42735809359874,358.62809164744573
74.31363304300561,243.5902121018695,7.426293800201708,391.0578927001292,438.4401534606783
69.41776390459582,884.6052099329816,6.471146926816334,470.7943868558676,714.8974072335594
35.19405072513486,297.2925886222399,3.784354460765039,187.68926332138315,214.55265692901045
95.93787525968747,978.2787302372182,8.414113457991652,633.5358331999538,971.2213787838751
76.41072250261917,403.20621259399616,9.5955446033649,492.32298359159626,541.8680715050534
59.891864726026064,263.9061241198293,8.390784542952039,381.86082984095646,330.6815529597378
65.05486716109169,810.7286564282313,1.0140859467232561,367.85705262601095,624.4228727672102
47.764005618501095,692.8369979507885,6.727612331650663,376.68035817407633,460.71230844294814
32.29578905510417,548.3761448078251,1.4602184329789065,220.76599678877665,328.96217182917013
42.03754107861354,599.8271958438681,3.318464983003497,266.3429664534407,380.75853349974005
78.20614994179321,747.2816004450375,1.5357223031299452,398.78550559390936,704.0469292741949
11.295413976678027,305.6092671981688,6.43415907654449,179.3089103787817,196.5707582158744
20.446537645622463,996.7005244510677,7.179309221433461,371.57379579862675,558.5875285482055
14.140237781957747,977.3138459321049,2.030388742593146,255.09077311766222,524.5001320715152
13.665592208707313,685.2931177122432,4.454549947404815,208.0719979975829,384.93194921455864
86.99145256099065,279.5882058362306,5.106128580599878,359.80228858092113,546.7603073730726
73.32920734420213,712.2054181881622,4.321477195848249,390.53341572345704,655.2716041978985
52.67564461785927,164.97856808125826,2.0892250043667375,208.43835837672185,210.49697668036336
18.805074458590134,127.58725198522546,4.770530111687279,117.4654860608593,114.83519071276491
54.24542876051491,331.91459966009234,7.760602430275763,359.52953966785367,321.22831147106956
52.61245937025091,516.3606610653846,1.639068980799299,276.45930784628973,384.43865314113566
25.58816829190137,881.4452548675424,1.7216201267371312,268.8679839239068,489.63207955925986
49.04664843141757,754.4521627896772,4.192941626523858,324.5109603587633,490.45215488429716
45.86542609576361,768.4358690799829,9.475531404570326,470.347526329226,497.9845584848025
65.42650882469948,482.94400100326783,7.017153820506227,398.0474382610128,481.686145862995
67.15842857808795,411.34149329226665,7.108029610053083,392.13617550723984,460.89326093011783
14.077360879484006,433.9348866861424,4.257279917540785,156.28579363000617,259.38258975531755
43.71513531638241,988.884607362452,6.342947120876846,409.98554624896474,590.1725507615307
66.32739241428128,136.09827227123424,1.0911806562496904,237.45490547228832,298.1384023554752
55.28226327220789,880.3283465102037,6.72486441768588,436.6346424104411,599.4400222460007
87.08408570694901,620.8078677151541,9.21958252818613,557.4528196162819,730.3775969898462
69.28242684570506,494.7538772706314,6.513161215103373,393.92013467733545,518.9440415178316
24.664098437328672,752.7318943736228,8.863287341197106,386.97888459566803,445.8724973409363
16.351187266038686,538.0020472822325,7.515757499194844,279.0606468956138,324.87500294088153
67.8177350385684,886.0809142734945,2.085025747633212,398.0707727166415,688.8215154126451
12.386017948745963,910.6316776101327,9.122079765572575,388.6900359884918,509.2593289986127
62.7198023146117,479.5488341861099,1.597994599201974,299.17264875710924,441.0329841849248
94.62072172824618,349.1450175115464,5.805707252929874,416.50823453718164,638.8979681833531
61.792676008829105,633.1152957340261,2.279234114141119,329.9846959988967,512.2374751337045
44.935293358586975,921.1270110550219,1.1053594965781366,330.4111774771522,545.3156999965927
67.89593965981179,289.5959701050999,4.798308341148751,297.6914268556463,399.3866368330034
51.2427601442365,660.6699252071345,3.6553663688874063,307.67099953251176,454.26474505008224
59.105511038434145,668.4041980832685,5.374004444178427,360.86721293383357,517.7157818438942
94.73183278988726,759.8017201737529,6.194798980610957,512.0241983206486,846.2235358642015
44.74923740206968,218.41091661453382,1.393651650780526,191.65793406610263,194.07237820597206
96.50715074415228,744.2424682138798,2.1070296561137107,455.8454855512638,839.643435175134
91.48155777604573,918.1292685990769,6.027781568053828,528.2124675963103,901.05390583909
27.62120213103668,261.71479798321775,4.088506178553924,160.52216870513044,188.67806772454787
16.24251707876489,313.7889924314899,7.562561387945032,235.44838708247477,212.7445804582806
19.070020123968398,974.2555846374756,6.8706248373274565,352.0144646392795,544.8032148279511
11.639964308639476,262.8792574385408,8.610439266909161,243.04779185715242,182.4132192955553
18.499866468033556,868.9465840326212,7.2324354400230275,342.03495190976577,492.5084289611404
71.47060960747211,543.0500708032314,4.869379696511333,360.5665377776154,556.7428861046129
16.40697836142061,322.5079669628593,7.056699601549892,220.30308585122137,215.8346869163183
38.70780672643852,883.6749111452602,3.4784305682987666,313.7523172531528,513.8621753997691
86.03877798725091,500.77472950239894,3.756821489003914,380.7272411240424,646.4265879563816
12.094474216224327,563.3356185367212,8.10086643928714,289.89540479627624,331.9926396712379
83.30216343300422,423.3100324597891,5.01777564761424,375.38733401320206,591.4454120807715
35.36692972960599,633.6557662914347,8.185423064665173,376.2899866953838,396.22712263853066
20.634834485949064,247.1714853265205,8.401801363014506,261.05595375697067,187.70226737649878
72.70634488277355,451.9733829865846,8.718061038951554,467.01629281580387,533.1439769563161
66.60485621018955,972.4710901017588,9.249717122570866,567.1650008086817,743.1632803116705
88.97248121743476,332.3200894310148,4.878866984619666,371.12640252192693,586.669776942987
76.15639394234972,691.062998087163,3.8698013648902494,389.9771692185511,666.5653339321555
82.31328373463637,392.6710578022254,6.2397887193470245,402.9101596094245,572.4216393031967
35.38311153141758,796.1258131179405,4.340551810938648,293.7386630270697,465.9549152941354
25.969558940175055,217.78629464651485,6.4096675012020965,204.89506295525473,172.20519819437544
77.55532764767725,972.8389405706903,7.350272763794422,544.0447744915364,829.1148873618482
82.61512653405376,508.41058724527534,7.195645166429232,460.99222655073277,635.4172294374354
99.1454627800606,312.44541701181754,4.370975983181092,388.71350875140683,651.4183468645258
47.135590922028385,166.1470725970114,2.501741815288775,193.12436943374897,181.66697201442742
43.481627721350485,252.78211457878666,4.874764046159868,218.65949401058344,216.8599531747493
79.87716646677971,567.7965537004159,2.283347296737179,371.1851259148357,629.5878207460271
40.672318622771606,403.30285878815766,9.010873316654274,369.09107659017565,295.41581849327224
93.76815930432082,845.9950292943486,4.112897146640717,476.0791052436768,875.9184639362933
87.25714766587106,487.79877129562533,2.390137725009914,377.58373987819414,644.6303076829727
48.609462463751655,323.84284532886693,1.229029839151758,223.03962608892735,263.9727912669698
77.57839610123476,655.4304879436271,6.8124014765783585,461.68748256252235,668.9804637727732
77.90885866762142,736.0994951969012,6.732120857092689,475.92944558001125,711.6958255616162
19.281148195233936,250.33771711085487,4.065437499231625,132.98730194150238,174.69006651328513
91.229761601161,250.8572946594859,1.6454069996288592,339.24765127130837,552.4531594576481
55.472713520307146,133.00428424018867,4.686660054057088,226.95187203921253,220.9979220374735
84.38117194969675,762.7618135590765,3.800957455570542,428.4642844508463,765.4766704667534
38.804464092755055,697.4240748596246,7.094085757615084,363.79939012118933,431.81479630972404
90.59709056465805,527.1677881748325,6.452013245074213,462.1620498238584,700.4718479372158
45.02815108607468,859.7534040722774,4.28134355377786,334.6096448714912,524.5350590775887
10.975388633226853,825.1031376550478,2.961032988294911,217.27802783152384,445.2593915755439
91.48437787773373,626.8189279570769,9.892323695400327,591.0260876293665,767.0127350279942
18.21580091075202,881.4441524619327,5.086014590765034,273.3612206188302,491.9452544992603
38.73822738313734,285.25708903309146,7.194468122022133,284.689747193835,225.8738663737089
95.50557703457244,200.7276574579551,2.264976708205247,344.6082847283789,560.7155540032911
95.55464322438004,342.77465036529065,5.37030729693458,404.986592332202,641.42644551823
61.60940993109575,151.37817048038337,1.2478304788251893,227.7010085771352,266.7797447132202
66.86534909528194,578.0525752009288,5.549096061194049,371.09238399597336,537.0723480658478
50.36009697804878,942.9451230654654,9.67615666405932,524.4379354576856,608.346195068711
36.388969452825805,135.4091866016587,4.457860416872202,166.3159636130323,137.74486758512083
39.57980908329243,209.8989226090241,1.3509641131742043,174.12876035737008,172.75687685579553
70.52666104693346,506.9791254550918,1.2786021182740916,325.8215962900408,519.9411130800308
77.7137076493912,940.4875157751144,4.4918808395218255,451.83474873657747,805.6222114833525
81.24211393532637,384.54049447907545,2.4402244281687464,338.9964668257983,548.8791660946899
81.06563285150985,556.5113278195531,1.2101688669536732,366.78493750676745,629.8334216481514
18.208549274382133,137.41557314535288,7.805922525551591,213.96206923511633,128.08107592352815
54.49782742323233,233.50888086587997,5.126707079937016,253.60759897874357,265.83075329445336
15.180288401497986,987.9671106629622,3.603202947753891,264.6465259138878,536.2873843560791
59.4575994091362,968.606826792441,9.100748647148327,540.9253031022196,681.7447908813549
49.73774512360393,104.44598284096865,2.0452506418047305,187.3639538339464,162.73025069823225
89.89337644824698,956.630606880915,9.603269460597874,643.6763669675073,919.6022616824033
41.58235112968708,675.2079440339503,3.8257004563961754,282.7407919070041,418.52874966231565
20.536031478484528,881.1264650680199,8.995633050778132,403.8371494434565,506.3504671104106
22.869251384755227,509.26587007047317,6.426485888315154,254.48847628247037,315.1495794790367
78.5359568545725,564.0364257213253,8.440366237673388,499.2241872566763,635.734136037284
65.6396256984635,539.9619222312282,9.856118468894179,495.01651505252556,520.5193907644846
19.101040851051124,700.1778317914939,3.5956489403687115,218.80992734188112,397.9780566624246
17.569612550349767,225.6861292806816,9.650219368668337,281.864165012015,176.8827129891471
73.08722183132079,126.97623088541016,4.505337054121783,275.46662342461184,361.19108151591325
16.548670572777418,377.13694743207185,4.4696071426323005,155.32144755209683,235.59958277240005
83.96740533613206,734.212686462982,4.063483938290551,423.8010969861764,748.9487923770217
73.56180044408467,281.66810691065353,5.872668466128267,342.0046597363556,446.59167137181174
17.32139025777098,706.0891899924255,2.387305388606384,211.4281571088431,394.94828872792164
17.635394267667273,972.9208414965434,5.983403368222101,316.1394640563523,539.5906370486717
98.7975620651058,184.51064421047653,5.875343311690036,398.367840592953,589.1404100867502
43.68437161805083,705.3419064026136,7.85711631344383,405.5900005296089,452.8299297839812
43.357793236020186,499.375197374114,8.50284965743827,382.51300722862794,350.59272250152287
83.15196105317523,881.3280289397549,4.963972152811817,465.3183327703601,819.1786157695977
95.25237196454728,259.43481050264734,3.7209992441634436,359.86047398919493,592.5253142769732
98.74009574405838,723.3633570035481,3.33401407585385,461.21189648982215,850.4785758166439
77.80403667330475,854.3037606832992,2.7516145303438475,423.21730901401446,758.0260173131784
43.86336269778242,950.1527975266209,1.5188282397912238,336.2208256710732,556.8863316077795
17.51506450288019,714.9232254606812,4.08203180951242,220.77763567422843,404.72090861845436
79.94322243346932,547.4572876075846,3.4322292291770493,370.0158981673251,623.3746403253015
60.256382476222456,656.0625161810924,9.697756472797666,497.37860335132274,533.5719232891231
48.17998083222786,882.0144860308465,6.019379436250396,390.8011309311801,555.2423381753272
91.57189465852623,613.5487719749467,4.125493351274568,423.13819091982833,743.7095911080468
20.00777340755362,127.34835372715318,6.224208408943264,162.38510445859737,120.54182521153874
54.336259386177325,937.85382595628,2.2527703121112594,368.4927912721391,608.2868876606879
11.021828029067716,720.574075928405,4.996393742819826,217.50879018149203,399.1941607892265
52.17945777947136,708.8620471995218,6.636108892789575,389.84309199879624,492.976041866625
15.067294811365361,294.1076371579454,5.400080486132063,154.61801636830955,194.56419711446745
20.693612464126474,692.9969232093915,4.616009205888918,233.34171337497781,399.32316250650234
20.577362209939437,454.4779650887426,9.944635500097284,345.4516650801726,295.9196586243054
68.42892719044572,686.1096793373429,8.922832859340343,506.55392608714686,614.5680076363539
77.1440391338881,195.93372727719165,6.610653623434961,361.23681463983763,435.16445988560366
62.503188858744366,692.0607741427324,6.124396250640545,399.3569541377764,559.078796607595
96.59552936270877,999.4723531935999,6.585944318421257,579.4119324841377,981.3763413938165
43.73835215713336,143.39083497450042,2.8118089704018994,178.94414659787665,156.9182972646575
35.714087765367466,979.4567657991855,4.5562396893788675,334.67392216371724,558.8378320645595
88.17392153705143,466.2171646505835,1.3551357960180939,371.2063361780374,637.3204674143437
30.123625466750738,883.6781053035332,5.27991433738144,314.42915035479757,505.62785037956746
96.69002854965501,804.1469356524461,5.887221255618969,516.3612427433852,882.3471267811323
11.09390272208347,610.314634888001,3.0497476249288864,174.8637158605059,338.3688421334631
97.28909440368751,764.6042883261939,9.676259624489624,629.5597486218945,878.6000250007207
13.884392075551851,890.6640051712131,9.185091498435177,390.89176956722065,502.1944735663927
90.2028802328264,463.72628948592967,7.499289119103153,485.2101064130627,669.0599904043108
57.49309981776699,394.32984540691484,5.800479658888263,313.99462329426814,369.6617241146783
99.36683165073703,700.8340470072262,8.829722436829165,599.8008483335697,860.7977700998747
16.641690826185897,827.0613477471327,2.1758710944111663,233.03076777046013,453.81845944393257
59.846885596118874,786.0566212989542,8.114588148473965,478.10740145999364,590.57288564469
97.2372282057189,818.032283972771,2.1233873257016347,472.847362680829,882.2499908517996
57.078805975313394,492.0249833316397,8.147895962944649,411.9890041002978,422.4738746245476
66.64587743217362,836.0507945575195,3.481908114262213,388.0573146647244,657.9992204961595
72.61738200861555,208.18814983354758,8.8938152291637,422.7533122379205,411.0335377004758
50.90869582909959,590.0401881647646,9.49637884442858,450.3811502328212,434.50945338582954
66.48022720756572,105.18279444830941,2.3391637246460406,238.6110766161277,287.7258671549457
62.58828807307902,392.1272469102433,5.164080445588541,310.5286664430671,406.9334731530536
91.10422094418901,429.8153813842581,9.828886403464166,548.5577632595722,665.5773829360173
14.090174230731208,456.55542244832986,5.35066692375832,182.8096505154196,273.9952086827623
35.28668706330073,725.920486020876,8.771927702630906,411.0121195217705,443.9838921442464
95.53703356689029,449.7022911433112,6.298583699181878,456.04984999542745,697.5417651768812
90.12374055018248,503.8242603602776,4.377969171276417,400.0232928564425,679.1767251547515
51.009107750714165,313.7897177868947,3.5720519997328317,237.13149490365046,279.19806765518626
65.8119338021383,435.9266124664061,2.8290078197747857,303.70288677452265,448.8831944539259
34.96430646830194,304.54266453683636,7.856183722399275,299.2406734264984,230.01625066396937
26.930904375138518,165.87633139159928,4.478864561407251,144.35986631107556,141.31076733376
51.7328564445984,643.1037340432401,5.60147915980676,340.271266079569,454.25764499602883
41.80170052234475,701.3915186995147,5.430929320010637,317.1457178090957,437.12399153382216
62.529050066578485,657.5413114086531,6.195511263098181,394.98851444373645,542.2457811367262
16.996117326848633,517.1446394205151,8.79019431062097,314.8807346163087,319.2205980877127
97.69553268995499,441.80720216130686,9.826654092250864,570.6628429249128,720.8447144001171
98.75896700316426,877.0002846146427,4.668257877164352,505.2719573388921,931.4521415656615
72.83455426177707,567.1736066225963,8.447670298956726,482.9534790830486,591.0057669342559
58.24867297097084,531.2636898667579,7.8807501518924585,415.2076202455445,450.07068396450506
37.8574854657695,123.07785922579211,6.1617605631001595,212.91134888107288,139.6731976178446
83.24155177362537,407.1230448635407,9.604424292507398,513.8523801951211,596.662385980341
71.62580552984913,442.17605690727135,2.804270639755625,322.35010776686727,501.4207096259931
24.63552454104022,458.94050280721046,1.9833778927865926,182.72313723183345,278.3111971533846
91.98344660444582,622.1551323045991,8.6856577025988,557.9990456186853,764.6723278256311
84.0283518630852,580.2422920541906,4.952348349703735,407.471546033022,675.078850822078
95.48199219627317,647.1145835141001,8.622719687863544,571.7593687515357,802.8038294013687
75.3147557549524,788.3949353879154,9.037811846758734,550.7611463080231,723.8954072747853
65.20736763422109,831.6871648444841,1.562118342571643,376.8395867692697,637.8364481934223
47.6418732661557,746.310768603845,8.951182866874547,456.99600918646996,493.5231620061793
93.94556350186119,959.9713263594413,5.0348714983248,515.0463020193914,936.9830629654087
87.94575005503675,116.40932440872547,5.59389240103809,343.34246263745536,473.495261829529
14.069680309557047,276.2001871151915,6.639332599838892,189.09721200597895,187.6480892241647
12.37302770475268,106.8065874803279,9.33744346057078,233.72833658144722,107.96830505249227
43.881703019024464,682.7272427391428,1.1720448498678762,280.1534006029316,422.20195051243513
82.94979977036496,908.2274940549883,5.291591214860354,478.1277775094949,832.1085043433151
98.854851638345,319.1340669186693,7.189498381875046,471.641497705347,660.8579794875557
23.537520199317537,934.331090316676,7.5043626192840565,379.50472814167017,531.556011024351
63.47176438169216,154.24065126060475,7.232791883833972,334.0218462082778,301.53089431655576
44.28017709679194,940.9924241249629,2.2099161646730967,338.8326857845086,555.965900044776
97.29229580331429,416.460418515671,3.694560295345131,397.21637355534386,686.6080300963785
85.79070308221378,191.27874560429487,4.228439728753122,322.53562016370597,491.29574107518516
85.44958342400241,537.284583267693,8.239934869115544,508.8631203749751,673.8561403279331
52.18238438154732,331.09891094845716,3.508838851730977,243.80036931624915,294.73077032194493
47.33375521038987,356.3856117657306,2.8963446748048285,232.48398184289016,278.9104632103716
34.60663647376356,376.56096843365793,9.617032171342865,362.19599810138965,270.73885354426216
15.073794698583441,822.7233080493971,1.07976956602122,220.91634207103846,445.9217235526478
87.82501386295479,585.245149007729,9.980387701137804,574.4657345122116,720.2057890675695
83.16109082170698,380.1769292404033,7.091391689716561,433.324823642809,575.0531108992915
99.97459059575175,649.3004049798266,8.456223695042054,581.0399669309054,838.9270652901696
99.69731533665149,744.5356068008742,3.6515745671157385,469.7854463892206,869.8326935913315
59.988853504236474,345.3616006601804,1.1288374990035397,260.62658470229417,350.39072850870696
79.20886736624594,472.19419137281636,7.64082566705377,458.6035556480758,592.6770599273132
95.02891568941853,209.69748400325278,8.507301373006083,479.715300717443,580.3347030898794
86.46826516096704,263.0344145812123,7.664285187581672,439.3148284590305,542.3845388271201
32.26132915688779,713.0060685684846,2.285652585707547,257.3854913951726,413.7108680748366
50.54897217790842,263.2945129260643,7.7808513003127215,335.3623847207931,263.9114350550574
21.62434736363455,572.6470453003542,7.920305038968769,314.84292906241586,350.0656180522797
95.86459245328501,738.1416355501894,6.926864641030494,537.186437685371,846.1328601969795
64.5557171005792,196.18923078526944,7.895043395160275,367.55998872500516,333.5824534450072
30.577852495311646,610.5809976660132,8.613292957099588,369.48049097963207,379.55481751411554
70.4530615965271,330.9065053312274,6.522437028137126,364.9946127088336,447.0114014625293
65.63154164121062,966.6341877138218,1.7974424257271115,406.4273163281962,709.6108984086773
42.23464462295564,535.1910820479322,5.388650287004898,284.0180726776511,355.29298224910946
20.220183297966614,825.3932947976423,1.6988440120444457,241.42948171312713,456.23426808475836
70.44158760335196,595.2038879406356,4.667887279291877,363.9537840754792,573.499003261955
56.827693081341394,139.07127956933726,4.663958402130649,231.8140764239526,233.6971347712984
79.50865525620753,669.8362380346201,1.5940885972621741,387.5727377607105,675.6879063558503
56.814715100079404,956.2630079859913,4.139384805725314,387.5629997414581,640.6241289785429
86.69633502866861,641.450638131698,1.9989828891218335,405.46820013321326,716.2428704250991
59.6716154897037,837.2699734841112,8.274116890083,492.5211995861295,615.2766282838683
60.484417438184764,895.785817013567,9.529192233680236,541.179178473633,654.7468510586469
88.89882423925106,305.2717947540392,1.6508482773214475,343.1694072715022,562.9335131704713
46.31345795911573,290.84035591740394,9.596036865625313,379.57206239246136,261.5207519986531
22.061370560557666,649.8828899658926,5.703189394030707,255.73322302033046,382.4836074517178
12.590440868200508,469.9256228260342,3.696091101584865,153.8134563854989,273.01299622507236
77.9623530106257,855.8751725800483,1.6917586774854716,420.71311810375084,756.8859495459881
65.82785962181183,910.02081105821,5.50561841263376,433.09593317220646,694.0953893716245
73.36717912893012,418.0792413724463,8.150639900416738,446.14643426256396,520.0121996913338
29.166774535801967,313.18350307703383,7.363778295400284,267.4098572301591,225.6785972418078
22.27343280280928,802.4729637194756,1.4520341031757638,241.4612577481192,446.23996738142864
11.309019910109374,347.32543199332247,1.6561165183111317,118.841214372526,203.121695412533
41.55288029259373,840.3528866623105,4.625859543693734,325.5637846106443,503.41028532802756
63.09259181691698,481.3644282838865,3.6576144464314897,307.3727094786459,451.21023299481476
45.30196405897591,700.7949093623234,3.0914589075044305,295.68023788057786,442.61625293227655
49.37274298213561,185.98178245120135,3.5290404901784225,206.4445723948935,205.96500643552415
91.37428250443736,661.4733922089157,8.23134468967196,551.2239917788776,778.5619373327187
41.34299203209703,506.5909108635062,9.363052482686685,401.29752475122234,350.09660296799507
56.25905402438297,627.9476168579267,4.645924250748098,327.5579894035555,473.94632452111654
80.52877114670288,251.21278697037707,9.154999019192473,462.12206872200267,496.92124794437365
45.68885040891431,763.1863704497639,3.8934613112309377,313.1918588295714,477.85270238588265
65.98780302050861,876.5173697889057,5.287932877094125,420.80238736105633,678.0496336058648
87.61273378720706,295.0658200816981,3.0342609803439977,341.33610190690723,552.7528825397462
95.45685612918778,186.14309996814555,6.7642843795825955,419.7378123977332,566.5527065713219
23.236613283613416,121.27472744170277,9.81083003657328,282.70421744296374,131.66152312509277
93.3928862645345,677.7743503989394,6.431437864390408,499.93741572345897,796.0007538392235
54.29046637715844,646.3846324799027,4.22032675702194,318.95703702532893,468.14592517830215
33.24199494690625,592.027671442663,6.830357013914755,316.6418125266383,368.12454443782303
51.322218061443515,308.7523865043779,2.106286106188488,233.1902019721249,274.130413016136
98.20293177569293,451.8153963149632,8.997931722388588,551.0374458790625,727.3866101707158
54.33562845935826,635.0287016675558,5.527755557018527,344.26877290608974,466.6950198607425
39.587644925875736,547.0901729732525,5.0441476783567785,269.6131111049981,352.4523415234655
67.00607688850532,989.0069681933986,6.272783096081673,477.4112196101517,745.9206605098396
31.613105690037376,222.79577730105981,6.623054765104622,230.4618215749685,180.84214275970962
16.827699529779753,725.6300986428344,1.6459822560386173,210.99938218481643,401.78631968156185
21.59917497195843,463.8868912938629,7.143554991010622,267.2164960607016,293.3289146871665
21.524125506199518,485.3796534330533,3.177385122839766,181.48201136843957,292.0978975946258
23.67124241610649,745.8379890923586,7.4255736925593085,339.5558971958417,437.1988254766816
22.49444553844691,723.1925361919327,8.40281314945777,361.86772842167727,427.6731514178044
67.67872703228932,992.1303943319695,8.235626567972684,546.3938822951284,759.1112171812555
26.369207595923033,215.5548605087127,5.972508706671002,190.50328623257468,170.1321171219939
41.11005549914769,193.6986844457497,5.68152903079676,220.96936082037624,181.90468883721414
90.71095689154106,751.904935415867,2.2858836520547055,440.5147457629717,801.1610936814664
52.65654762365851,620.5482253057681,7.978115353628221,419.30299010566415,455.82779916919424
70.08019646689245,346.74459990382525,3.4426844240204293,300.32803108363055,442.5222788015523
25.508788408146685,171.47743209008794,5.470258805361519,163.4062955541031,145.82348710758015
27.30601169278037,177.09242463678748,3.5584668363476504,138.6128492915061,144.49289541212124
13.678175463983099,904.7717871977064,2.2044552669972384,239.76679446802814,487.94329236664595
25.204155676494807,272.6805922468686,6.666019272025629,222.7557191421407,199.74068236142816
35.073130512876276,391.03440590396866,1.4889883134061344,197.82700101750657,254.3379492428204
25.93094358490721,303.9907620042892,7.7378071071358,268.2708940708566,219.25762207970254
17.983228038135003,419.4966752487436,3.85828115735005,161.05277154976568,256.9775520995254
20.857228399054073,162.48145847148402,1.001212237040368,105.49408218702854,123.40214306742095
51.47008912294532,567.1538118174433,5.6001622531350685,324.2532563395199,414.6952935554752
28.570034656521326,160.8513072329934,1.4216671767484281,131.81164895083444,131.1182629004579
42.78428749432679,820.3208570401254,3.4855260203880953,313.34289014130206,493.99561497119237
55.30755437693712,310.3408737193897,7.362788387101445,345.22985011840575,316.53678749004735
72.13553457664287,586.0107231440595,1.5642065945967927,348.50201577783423,573.9115483772315
13.538092585698905,892.0711788053125,8.554046431204021,373.01993863412275,500.39273683570434
81.94693590181384,685.7896321424747,1.034379303927248,393.7340683168736,700.6133091360331
66.51103505418169,579.6620078962018,3.2214148228171204,335.42315935622844,527.8746121965735
17.35831287539847,391.90037780383807,7.668136505368643,257.8834535283372,253.7484019592296
88.62207616960995,399.70172175237815,3.846431347563761,368.9175313966224,614.7510177048357
92.87851604786319,702.5382596783711,1.9170314925941216,435.89978962520973,791.0711392558829
15.497016386937737,994.7254250990508,4.242105269203851,272.51265077651584,542.0924545083348
34.918988333248336,695.6552708644408,3.4335395774607296,264.588234134121,412.23133331014674
82.55811518137551,602.0050756330224,8.584407119444993,522.9083577710929,685.9548155272746
77.34337213452925,757.5854592153215,3.8201312582662883,406.45745378902825,709.2100068453421
26.60689174207396,518.6850510553463,8.100392245984064,324.4883365850804,328.2916440461094
28.841439100303926,154.1281083407067,9.026849303296613,284.19305241264874,150.8283167341577
43.34248925122438,606.0671342901188,4.904356776188766,289.53001840451174,393.08814778933515
53.60706866719192,961.8627560548422,9.189488294689529,524.4183942505841,636.2437201833328
65.64292943772664,257.77264812189367,4.395862485668736,277.6273085421237,363.07202035613557
43.202227561279514,721.0044017385992,9.676705748410974,458.59211775653483,464.37227508626785
51.62812445198331,280.8403197931508,1.8036057207301563,227.28864525380948,261.0988821997567
77.2723844320381,582.2449160257731,7.183173398529185,459.2952917183049,631.0626245589624
13.30148826015381,187.00880468204764,5.444326364112358,129.14879461196222,138.10753810224412
32.719324990961866,505.3338426323666,4.488839249100824,229.7729326478859,317.0617281970738
74.20146272960972,780.5469960057214,6.694406908737408,472.34124897454825,703.7967766525401
90.56861539184794,412.81437181508386,7.334713824708981,470.5466018998935,645.7384735074335
56.05096979040995,698.4205520384962,1.0392694268527818,318.6175233241225,496.86753678050155
57.89021367387841,815.9049647107563,2.5025777987247886,355.3414749507689,573.5381421416955
19.645481020579844,934.4600375315074,7.417414455708868,364.9266100204581,527.2490318052664
50.26711301411092,311.1778736699082,6.997468722203858,317.5168124121941,283.9003532066322
57.935553980952086,459.38432422837735,9.694427546158096,450.9834406747925,417.19587925519545
31.82234532712567,237.1744119973757,7.849340112257047,276.12609105820127,191.9556956095498
34.231890785444286,993.2351519425376,9.556954369582042,482.69553761001396,578.3217654445286
43.95557467941604,934.3008711318657,7.322864513813263,434.5980055476663,566.7191093409399
11.806407799995373,585.9614172525037,3.6824698777549885,174.58379368644177,329.4946797480854
38.987124902486045,857.8299649387792,1.9482843002577082,305.414925790423,497.0230118888012
29.03032062968902,568.862179544838,8.03641477010442,339.86537428878074,355.4043944292744
39.47476169601232,661.2271192024838,6.797342993283243,347.9954686126472,414.4895743998817
20.778591863732608,180.21198890441497,1.433674111539666,112.39515099226941,133.47800250316806
90.14745526659054,779.7433784471272,4.240454193108805,453.4470412031952,816.8940178304413
63.42332081986438,214.94213527171132,9.611198339358575,416.15523165981574,338.6127897430555
71.11920872300406,843.4608672272756,5.503610311391811,435.5994803893324,705.8799059168557
81.02541147466044,803.8252789033473,4.894562224177342,441.92024598888963,764.2375473242216
54.85979790361515,737.8702279686788,5.119296446433646,355.38434003581136,520.4647474791635
17.82282592786813,132.5443424722859,2.8799445160464736,99.15223656521673,110.34906114203685
58.3395887636693,372.81552035079574,4.318364537783157,277.6446996478771,360.85285772637405
62.815700621879124,336.8013129197586,4.328319303884589,284.00458621194434,378.6439217166242
77.0895526765897,424.1227667243672,1.4711951816872517,330.3724809516661,533.4049674169895
48.84935916067114,178.87847208745467,7.908108656661264,317.38549185374575,212.77354305152852
21.48222725160074,943.2620407279566,4.7485398871349105,288.2028857484928,525.7083498805629
35.539831521885205,598.4220166411387,8.39961898134781,375.9590630046531,379.5478352345021
42.67740667587716,374.97187959222117,8.653132010079059,359.75314252066136,286.4581479332229
68.13255171984412,457.2833653668551,2.9079464922879223,315.08189528670596,479.57962474952507
61.37004742020207,502.4822864543521,6.916181339531157,386.1893580613836,457.3906131647692
42.048705330806165,640.5349000245556,5.250536237466836,300.8027598539638,406.9446745897019
98.78637239136818,564.111484926848,8.921410641293367,573.1883289787373,787.988595653261
64.51973374211985,927.4527758929756,2.941666112588087,398.3425287963531,684.0509436407955
31.350411256239504,547.2671346152472,7.100318802790398,311.6255872789371,344.2079676347208
19.160422535836336,992.9422133409814,6.469769100274503,341.64056539561835,553.0563486094322
23.75732252658988,866.2824619705862,3.6577132981464953,266.3510948331577,486.1980379653457
32.136195554605735,287.6594629216022,2.2294081328605535,171.78942644515735,200.71541629022508
24.46132359336001,937.5356931795246,6.8647578442954895,360.6342962097794,532.0947157672966
26.79103216461752,204.7297580969285,7.647377123190976,248.071132828673,170.1185285478966
35.65856518244624,835.7047376420725,3.84064609387015,297.18283361309443,484.7179702006947
25.603623576527934,442.5609641289221,6.803493436200824,262.86958457348544,285.4492917530853
90.70888821637827,890.1768884005626,4.556178168503529,481.8013225223757,877.0930699021992
17.2210371095478,881.2510210967054,7.41886194954356,347.0605367961572,497.4817995516926
57.20602506132292,825.332860105859,2.792937474046478,355.7019887742372,574.0042533380594
46.935714429069535,811.0273926763552,9.01193502372557,469.4547178701415,522.7011067503923
98.41407552177458,374.2112251882367,3.5866863681902177,391.5076851484102,674.0385715375703
20.08350119512471,172.82735474612696,4.310073889805376,122.7678785278244,137.62706788357127
45.80700391411675,462.6821608886453,1.522827568723148,244.583948725369,320.9968119019083
97.2523389947832,256.1720634878578,2.0036099108914875,360.09822755558804,601.0786184581085
87.89564133045822,725.4559800122155,5.642757124410953,466.48414762210723,777.8054425728072
83.5364863854352,411.489753884007,3.4083340905517434,353.5049972995461,582.4419502897682
33.211254434044584,978.0491807739234,8.51932203167975,448.2683621561407,566.1605296939686
25.379882865105923,676.8748696107988,1.1322404978945846,223.13221809745556,385.39335124564514
70.17788979319879,840.2325072709249,4.411846438047426,407.95718865653333,693.0044656366093
93.64383902148272,219.27220546766358,4.0361099209218345,349.56725442642215,561.4100088575047
60.10866037125368,875.8130340453603,1.1739486782584092,367.4677389113626,616.7015963930253
61.44514205229099,930.4814714620549,2.119315591004592,387.94769308633823,657.6094146811298
35.19811842942558,538.3557269370424,4.722784074267717,247.87541978501775,337.9062706145389
79.25436398727432,645.6276439758797,5.43578126002702,418.4884106656138,673.13284020582
26.833937370177104,788.3288208126959,4.638607725293822,271.2281455543098,452.9299137710077
39.131131276381936,257.35476453437127,5.778439105708845,230.80921066529078,208.6304513713434
48.28927947547751,552.3094688170981,6.356185074151134,336.8612590705646,391.95167491182826
55.68493408160095,458.7967249950818,1.0893143901505207,270.05045514066984,374.59920503930084
31.816875917357223,231.7365929460242,5.176856435081535,186.4570289971041,181.21286151104573
20.335314226528318,430.7809800623783,9.671493167988295,331.7954993517158,282.9779179065553
64.95580381974693,161.35507844694422,5.671290521165939,285.7213046154287,312.8702684183744
35.97674979162302,123.2307162545383,7.097880407130579,240.61136960833161,138.81664028514763
62.31143992803511,221.6496602393405,3.8067747212519487,254.07529544270577,315.34057503890745
23.892644374678206,966.8036004302564,7.965922403374863,401.88790440139945,549.5092990032689
53.30260916693357,594.5765823055153,7.956293336885036,415.37605850351173,446.9133165101345
57.93304892964273,969.239945037898,5.69166442888725,426.860982352473,660.0964663130496
14.664118314018422,489.24809049711877,9.784124409512922,329.7835289477293,304.6193744466739
40.294385037452855,380.6345197767336,2.1299519328638805,214.56048293347627,262.3747070080833
22.09732092450768,555.5276765562196,1.152528984006229,189.19208498727608,321.6906220209327
15.703747342549097,495.56051976961913,7.931423905813864,282.0083447851989,303.90491385477935
99.09642091509507,195.09821583556953,8.264399836283943,482.0790556531477,604.0255762354158
39.01184604772507,676.7436832211856,2.0818650620851864,269.7748218315863,406.94113101366213
82.88870012691714,294.4343642586397,3.390245496627455,328.07951770692216,519.0530905560884
32.917658928738746,657.6291594080466,1.1579712702996603,242.12051430051218,383.474918497882
71.33524500015363,685.180983158338,3.639777497025082,372.75957408856056,622.9757675012963
78.42050739007179,236.8223678157833,7.958276865268044,419.2399988676281,469.7733900238492
63.60748665470599,155.21466439960136,5.6616447494132105,280.15095240787343,298.4375965849481
52.441856969514255,802.6854274615959,4.132860338514593,343.6565168309798,534.0107653024534
47.06568227325417,513.8203813923882,4.345653654156973,272.3955051468846,360.70641286171576
41.39814398886958,152.3474159549282,1.0121826314392135,165.1928493416311,148.09039496288517
93.65762298230433,995.3796854527905,3.698204748087123,502.1191154079185,948.5516023334866
84.75574670089563,152.00250489673,6.8181286747413745,382.7394215277054,471.8915047007808
96.85242195998613,725.5317059726979,9.767749994347215,623.1186118416814,855.938101816215
21.186750113699027,985.3110327370722,8.623547442855095,416.53572646354684,558.0427054668885
75.77807276832799,315.26209379433305,1.2123546818097621,302.69069136661426,467.626039386087
94.45064111389341,228.02443181847656,9.087045442073554,497.4190850188679,586.9138373914856
26.310975954909413,209.24644548018603,8.048785719687633,260.1589762072042,173.15513760974983
15.984664063009975,372.947632810836,8.023385112138824,261.149791191725,243.31179015768268
76.70085843610532,190.94122990958203,5.121961831032143,311.5868972387283,424.6503600274035
61.70258018619207,722.9452075247187,4.582047636590525,361.7719272900962,563.3254183007831
85.76458990824449,156.06261831705643,3.7262415594987335,310.7569793384634,471.9916757965242
22.579513896366056,558.4799153348108,1.591253730589292,194.49660917241576,324.96651724366984
81.57405806739011,997.0271684676791,3.0541182714432917,463.65651341975774,859.4786660917633
28.14645880429701,832.573242555417,3.2194327148022217,270.9059041486525,471.97913739547283
24.729034857913405,653.6974944079097,5.356693627391814,254.31976050226103,385.89424623905995
24.783921813789362,375.6282587079505,7.726999659370246,278.80995081926767,254.02010847086078
83.3117248208244,661.5062526624746,5.26428845558152,429.1465893493745,711.353938911688
69.867749862658,574.3373175204865,1.5206000450244455,339.08256639748805,548.7447638132812
57.07588822922074,483.4750455013343,9.620108208893836,451.0747325541527,422.5939930569746
42.29474357111523,217.63933906617953,9.48451887184701,349.72724116975047,209.00258793931584
88.94804867317974,897.94379371642,8.066705888335676,586.3509864244331,878.8699851787644
45.32005966803718,504.80618393919025,9.921951114077984,429.0422152623729,365.18883473020884
83.49394955244193,275.16026063868856,5.900340995202367,371.4063447303506,521.4385797780783
49.52214177131966,430.98341578956064,9.664915152278855,419.2059194382426,347.6809894084728
43.92499864824168,472.71677727603435,1.680445365550757,241.90609029983673,318.8845941914006
51.64118071026458,844.7841060101869,4.291126734352342,351.58216544299086,550.6121372289529
37.12400867477279,760.2529425052618,3.0284314120608924,282.89460698415564,447.3151203235744
77.2848442158626,792.3744042772058,2.7624977572084304,409.2929990189346,722.9647637790221
55.24483510832312,109.92813798578248,2.267226540034085,205.67213557819488,200.60574131853912
30.89914256321356,474.5385983617854,6.60172277409397,277.9024138987468,305.84542601619387
90.96171159471116,533.2097364717913,8.031896701725746,518.3919595198137,710.85670094049
44.55020992358903,117.27304914075101,6.204685594783246,233.31729510565447,157.14537618413564
58.919757500258974,333.8318878705308,2.322664386293887,261.6193322894646,339.8346909464728
91.58248998680922,784.2608408099215,8.300113929401238,578.4046474184498,841.6660768280537
66.18141963225929,223.39873515609915,6.723592364473556,337.90047165052613,357.44372460029786
20.520823663752765,581.7791183073325,4.493491355142959,208.5398494988143,343.1532498739663
94.58489112521276,293.6816848155138,7.067172659824567,449.44195398587965,614.6833465058888
66.4937247764276,110.90869717950395,3.3391448131854955,241.99999301785678,293.7037148978171
40.14150531913775,317.08131183958733,4.106729876447894,209.3499684247391,236.10835155999834
22.53448653970485,978.2863794190484,9.257372588187913,436.3248755480055,557.8235060711529
81.46226703432664,821.3834006946906,3.6145405510427837,430.23816237571947,772.49235908927
65.80654803356622,963.6189798889301,5.229894413421429,436.1564714394624,719.8862969980233
58.01149827786894,539.0686395337261,9.011270236564132,448.272444053414,455.563153547404
90.45033247458619,198.76257880975317,7.369492152407747,428.57147077224226,537.9665657324317
80.97374901020777,593.1635400763237,1.5598290354823248,376.41948688439,648.5091744989471
23.650739175947606,508.9396011039648,2.325727398510733,190.84134138524968,303.430861623979
38.05498610159934,859.9213744656544,1.0705743169472512,297.21625296487457,493.25755169386207
32.36402258330192,188.2743227058201,6.678296112062471,227.79531480156692,164.65019497433244
76.95516633154092,539.4170233196004,5.029060828693765,379.8290384535701,600.6499888722922
13.017919126220145,235.04379822458583,2.2084736581204796,103.85203562293425,151.90135045988455
61.29007163841849,392.20833420105396,9.621407089510933,445.5011852188813,409.72067157346925
78.62128171666215,763.6213696490197,5.766937515510579,450.1670516021132,728.176130652486
88.90890730855745,528.4163164318899,3.1770396470160027,392.24275134183034,679.1566359525201
40.78735738443167,438.2994566311924,5.505432140392368,263.6247261721844,302.7290542024944
83.91315742048116,455.02865071303177,7.11658299461597,451.4389106840657,618.1164990115304
19.95685632596865,513.5020915653879,1.6861529617620803,178.190748896496,299.9449977665607
86.18070625610663,806.5148894533512,3.472334335431028,440.7118621167062,799.470413572968
21.47397960987842,902.876220046211,8.262689417955944,390.7176071372572,516.049172331961
45.755856150433054,959.8012178535355,5.136983833623951,372.89296074975545,580.1783389392734
81.75658292015983,808.2130476297656,5.919194278290654,473.426014004166,775.0451824595947
23.492568461389638,383.8662061732115,4.895344019885224,185.34662917975066,248.45408139618678
30.632625570937734,719.321235477888,1.395099483787046,249.5007786856136,412.3288040718991
75.00273115537597,493.8428116498527,2.4917480183814034,342.24499932070387,554.4290261839718
74.80328828914669,329.20355984144607,5.009874748677018,330.8875020795447,478.02800546733437
67.70328695967676,856.7844214833303,2.8826691886713505,393.64670898242963,675.5890413540297
72.455360002039,134.5837140660925,1.4498112579371085,258.41363048076244,350.54099992139004
58.84519990128366,911.5857929218812,8.592846976466413,513.919128300535,646.9455415330524
32.66191530162575,515.3297181622607,9.830732762477043,390.38934142007923,338.011558334349
41.112639415352746,673.4813291274523,8.138285865970655,400.09614815123894,429.17398118635145
26.34379451212831,693.4185299852045,8.684064295342004,375.2891824981873,417.17609718472556
91.76055052002656,905.6059666358827,3.1777941728534085,476.23766037264926,888.2596247889808
62.50526152895084,673.0027139504866,9.645642779618798,506.00244148220725,560.1306042787405
46.07662750872759,652.5402262840556,2.7723313400808554,287.7188362589132,420.84946291938894
51.58052232797194,159.98683650462095,9.562868293256491,368.2593154928812,223.66303802022918
95.25550056506339,566.5672197506836,9.95337364569356,592.1760276054495,764.8122177017054
23.801626280447216,235.15210073533748,7.405505251714438,237.1294028362154,181.91758228963266
62.76068488151175,763.6903918493371,9.830293586126396,530.3445507885515,608.1389198438325
55.52998109960194,560.999728731407,6.125858016103933,352.2753712165104,439.7161961022332
65.0308811891183,712.205001287518,3.335876048584813,357.85914723189507,581.9235997265298
11.629916543875646,137.50561054214583,4.932962970990587,101.30139881816687,108.6743159280396
88.49115180497364,176.31281444122288,6.342048418409074,381.7674658359268,509.6045672903462
93.89064542352511,744.691049256414,1.6577340582431348,446.06854348830086,818.8055082478716
60.861986523028804,164.87590239880603,6.601089381555215,305.8356655384726,283.5359864317589
72.6985741489203,164.13105498873273,9.83060053086065,440.25560050794826,392.4953706868839
93.02494430595661,110.89762771139871,2.7109688480535485,320.1274400418849,498.70331358968025
73.65147708820587,960.8512584695321,8.13335604659545,555.0399254683681,793.7103221108475
23.72851386228352,763.7575235131062,9.171089144016575,394.664562547123,451.44876829010343
61.86595241501318,417.92626765185776,9.493314335381987,448.7443175964106,426.88408136380735
64.60435417445703,366.8820231588897,9.641220439649025,450.9481655503031,424.5772705786092
48.17176041721474,414.7329067712646,5.693136748493248,286.72146096353936,320.5814915617853
76.27998120622506,797.1881780630637,9.795771171923533,576.5664324229582,738.4046633396018
94.09303132921134,695.233549963373,7.81579186420995,553.4917175032853,814.0485620148879
93.30116616160987,266.67601108072114,2.455042926132657,351.6318961369373,577.8489153714435
50.57554342637189,256.6984018006759,5.29210095821173,250.7127711604319,253.2993931231
20.19142412566797,188.55608474205758,7.464980578348036,218.99024324957892,155.0809698402942
98.63570790661011,694.2724477312044,3.22606284237175,454.73287846708826,834.7676167883076
85.50082778013407,787.9353959995624,6.765536651939986,510.2731701971707,795.1308471037228
21.219641308294015,338.54178549250366,6.999404311419573,235.91597636499574,229.82103543557326
92.87576943556351,118.85046492782153,2.464297694277093,320.8098011465648,500.8489724416017
88.29067258559155,173.9545007287846,6.085767812074806,371.77468118372246,506.21864067866113
56.69542514134649,971.0740313605274,7.944642198807469,500.49469248146505,658.572514661766
63.21478921704363,365.90029972967824,5.490060980823477,315.98047830052235,399.991496719987
45.910243348311724,792.3008330543203,1.1089280509849668,307.6025546671633,485.0118359603615
14.928547493982819,662.1972119688375,1.0813462217136296,188.3896193779422,365.42500301603565
40.16775174813108,443.7456756876063,4.21326409573011,235.9755612782063,299.8318344563459
82.25681037382103,285.11853597599963,9.335746615886038,478.9956057934372,527.5098798621398
10.416882070414257,209.24777634346577,3.058091016432479,92.6380891574504,136.488884874394
40.014925452202974,653.51167123498,6.709273199845184,344.9089208430329,411.7878232713572
45.8351824231849,797.1704025740091,2.998682836239885,316.3480639641374,492.7902941370493
58.36560426441306,679.5138281870176,3.8950299069359375,334.5005970984384,513.1307129501297
92.78700547714844,577.2719199242424,8.632378806413357,549.9717267308995,747.9156846965807
41.17113949293651,137.75610108847263,7.559752980429522,274.93463013487684,159.75055963915068
41.22578817066049,971.6398998349454,1.8585934958188957,334.50279858938336,559.7530852823969
76.37511232987735,818.8427724891171,4.858318188877902,430.20669058506826,735.1874626192795
50.69961468008265,363.53983303086824,1.26252787280738,237.52336755585063,295.34506226196805
30.214434064598375,981.9732964229656,5.328011319427081,335.64922846888277,555.0134910578539
50.7195564519424,641.6934306726899,6.9619061053096125,383.7116071021485,451.63511621388125
22.677131834181985,624.1803923865218,2.066523612383364,210.20474359558037,359.33887773021524
25.874828785560098,773.2658614865788,3.5999644501824912,253.77226110497972,441.43189210616157
54.853099546553175,830.5928092811238,4.580529629519413,362.7271724247733,565.1636356874385
47.70329045540931,690.8307465983523,9.275779221904447,454.84066142972256,467.056468099607
92.33613109612901,215.28617172958002,9.939295138806676,512.7236573948851,567.5590796784363
42.61545092049698,404.44075539504854,1.4042016909605426,222.53962040470515,279.23522123966393
62.25295152502391,935.2752762934448,7.849071311458529,507.0296301823895,683.7991942431813
66.90378591275774,302.15405065946675,4.3455165976210886,289.57465908641103,395.84007686985785
11.178501092950027,434.950321453762,4.5321236760653205,151.7678959914566,255.3027099515639
69.71836348150396,488.8691946497764,7.788384760123204,438.22529668224473,523.5421864144452
26.02323701827763,495.46449072500695,9.265837889308678,350.45683005117945,319.6603788339728
96.49632857225096,651.645624245073,9.558357350522936,601.2106761354999,815.6156572962242
23.379645497780167,948.7682539702369,6.194103274344887,335.7367754383817,534.6944097542221
47.316171135432135,316.62344064925446,4.214090433704525,232.00634778907278,262.89869126875345
17.681470127077947,209.35123867082626,8.087941772729014,235.4718217524144,164.18295345047213
99.71868266613527,277.72344087394356,3.2590124493607022,374.77155883735736,635.425452734639
55.19755092981183,898.2324101883426,6.07666625950166,417.04033883801856,605.856610705893
63.58465155880394,681.2297313896854,4.227206153723858,353.89254769645055,556.9510551753443
16.036882964958473,357.31611031524415,6.909679663370885,220.9243019283027,232.2353570679702
77.496442335926,834.3522450717555,3.163590216041562,419.1564242480185,746.8430577127443
28.891503378602717,875.2329967270924,2.7243365116134317,280.6176636864912,492.52084845377146
90.82488604966424,861.8629048212503,9.264151780078933,618.0956191019347,877.894794391431
28.462567643380645,927.033880275599,1.916233146545832,287.5476542474925,515.5927516855853
27.16189485972999,327.01691815602544,5.5536211696143845,201.90903662017323,225.31151019616894
13.28947010632854,779.5377358716505,2.9876750466670803,215.16146778451866,426.9803283975917
52.48602505989993,514.485547546726,1.350369669931007,273.76022369340984,381.8400382958618
60.83570199363548,857.7986976010554,1.3241693646228376,367.2711086255526,613.9551468248542
15.913777548551714,755.6416094454519,2.576995948952446,217.50222231470605,418.20997256053795
79.79748550255096,798.8027018497522,8.800933190554002,559.9074472665584,764.0281203304322
50.795995127322485,690.5456539129643,3.54230869579324,311.6922403474916,466.24476046120475
57.195124239482205,259.6858925227362,9.554132535177661,404.79550686006417,311.38356616242197
49.668647224440534,590.5242270072445,6.234600636902742,344.3656216905569,417.95873318239455
46.06867547877934,986.2027655720574,4.929527707918895,374.2818877158762,594.1173533744598
60.36762981773961,943.649259847407,6.220799512025091,446.60598120458803,667.8208463515462
23.971622133764125,138.8563622173105,5.65028546703641,157.6227362809117,128.66203137602417
26.3735317445744,248.3333341564934,7.828986283815927,261.37019085436594,192.0946190042446
87.56070589121656,218.55589610910573,3.5424645937556702,327.5891946490022,515.6486482124524
95.15039159202695,753.381918986766,4.177453524402722,462.4267791238028,840.1003973239426
43.597838465177766,836.0067968712506,9.046848722799256,465.37578471679274,521.4129959150584
34.367020582919835,292.16022967960475,9.518108618353649,341.7899388055841,227.8721553414675
67.95995889151142,555.2674236566461,9.033024047378271,481.94250868596293,545.4731493069964
46.78607539882868,856.63272521008,4.775031945615822,347.3062456919079,532.0997117751426
12.284772009431038,759.5213902896255,8.023289527061936,327.36195998754204,430.21591954131037
24.053733762957133,588.0134849426635,5.287021599709889,237.27517266723942,352.2267357543756
74.43750059626578,631.3129214128955,5.477858669314919,402.3783872642005,627.4776812759692
69.30315477191363,557.524492224652,2.8421209815155555,338.519820452761,539.4929579554806
12.438639325313513,367.7936061869385,6.320172729326648,191.13359576201552,229.53394723470004
29.97749457396545,608.5197935731145,2.6752230797801313,230.4465448407876,360.0850284542559
30.796731692926425,719.9967718450816,3.984082291604744,260.6723473471486,420.6101654476285
70.47034692388556,885.9906242747269,8.695271814579417,546.4896849502302,731.2187475018669
11.773948397892774,672.6622185813233,2.863682282897697,188.99910931525702,370.3256592981856
19.369772378611646,785.0093833388422,1.6404245665608954,230.4689486536401,434.8594011600489
81.99244768358705,244.0644714591157,1.6210683335153466,310.03332871421287,481.8532431644565
26.069019584890025,515.4017269778109,9.46706068452797,360.1151789009018,330.2732332432212
68.74714970666872,108.39845784438397,5.562283941656512,283.1985254262802,318.3472390092737
31.436450294205386,322.01097806946075,4.684708646353165,192.60836745879735,224.4310878409943
18.949725348341065,753.8155436017043,8.297907229071265,354.3535398339301,438.71436700378916
31.88549718995087,992.6289562144271,8.522433351194644,447.2938451431127,571.7772284962696
75.00402386700932,189.26028962849432,3.9897192980404412,287.1994226362357,406.64227016600944
87.01268212956572,461.3448842751594,7.242562517264157,466.40478914660514,644.2008573346737
84.71978781102925,820.0638718292436,7.940105342666979,554.2256199560048,809.0251853083297
45.74651766566093,283.6320711660089,6.891856181793591,294.6791058855051,247.31821371265312
70.12766229135815,599.5764543720577,2.3643556732008943,348.49175793867056,566.1068909326119
28.448586587423886,759.7641664267073,8.882947751653514,400.2691637241515,452.8450004531782
36.383295723491194,654.3869052341611,5.851850974624078,304.33475494018774,401.40502856402355
90.67022366690078,269.2222611538745,3.542251837330033,347.0499653287128,563.2958153872393
11.170173115966243,419.8461118171655,4.827053668939245,154.14630391351264,248.61879399315112
17.695767776902127,805.4126060368575,1.3381398135901663,227.4816342075662,441.98389503908663
28.70976296314246,598.803862718815,2.150801211001758,223.50655286411305,352.4133677262044
12.387898348643773,104.70665218862146,7.8899207546427474,192.6002671058564,102.6038946301712
26.329189158081757,784.8916840252845,1.0001047127982954,246.38159872003385,439.84785283335134
62.473740487272295,131.78021944621517,4.749092456340629,248.8917586384064,274.56972752353016
47.92820955332481,771.1604044581089,5.702591629770296,357.57060785179505,497.60829882463287
90.34045399692774,282.2325041487137,1.4917097800087507,341.8870018436982,561.2785801414533
83.56992055645968,962.2661321074422,9.757703466750996,630.3204490778772,877.1254638333285
40.76356165280884,431.14667617187604,3.0351279812470473,228.00666053430174,291.6729474708259
33.34810900881632,394.2384547042712,3.7377884767265277,201.21915663443704,260.0970466259988
44.17231673505402,233.9992452992002,3.735482610295246,201.6285686419266,206.63062086549365
63.1265448263327,375.04379394119337,3.073749959056149,283.9621775290838,396.5804781394795
34.125727674058865,888.9856856453805,1.0132643987768026,290.7133649847087,500.40738221133216
66.17340170642206,996.7009038645226,7.564103146791967,521.8744848757744,746.548133980559
46.84704869721164,431.4785774561635,9.701609498193568,412.3462233109262,334.58407941496637
59.68424627667822,503.7495678590883,3.0186413495654056,299.25346121446233,432.8493923129213
49.2513876221785,749.8638443824633,6.967424726230802,401.1377845764547,497.5700755332143
36.50191835877259,897.576202418567,7.677066942628436,416.7396229506274,528.6997199837886
95.3607976265941,633.7399007681057,8.635828411814723,569.0815730058891,795.2400789909359
78.72452147437848,452.3731283600464,4.803662773122483,362.8401677868174,570.4716550661991
22.61018581898073,471.3596567637614,3.726378150763863,184.35407169438096,287.8420784188624
88.16211783081215,726.0563318471262,3.92765620620728,433.4748151516966,774.8729184033585
53.86880784245623,102.89643724385081,7.413591997886615,301.1542599299889,203.1609291197895
90.50970042046822,657.6304037138566,8.351015198550725,551.32410053162,770.7718015304655
81.98697303525837,419.94370939722165,2.6345257098094237,348.68726583649493,572.7920506858109
48.26921540223101,814.7775981493759,4.338469073419887,336.0987667638343,517.0310978124105
12.022237748810566,183.69157584081893,9.11746177074235,242.0862632818545,145.08173491364948
34.180962344645145,629.3820402535515,8.260241677252653,374.06853208762084,392.42878022721993
58.747079319478026,532.8756008975114,9.863725624862283,473.15265327572064,460.6456950402218
67.01303978435325,678.0929733147046,7.788234337138727,467.9492964457947,595.0694029655423
33.20989168898821,158.3682350346715,4.5387568092513,162.6543111431749,144.3765171197215
22.54204666655417,621.9854086853181,6.31574050595174,272.1258724989784,370.85562057899114
85.14372131193691,605.3361291635713,6.949128288225882,479.2571667597968,701.7831684056125
98.5961962633197,604.5940849745539,1.7061023468541157,432.4375771954736,785.050509261053
57.312116407241724,643.1388999368094,5.900472631934786,366.4609010978809,493.01742604081164
25.451135726347317,708.821143503726,7.383887456253486,336.07648013745535,420.1849104010273
34.50765938674321,824.4900997126928,2.505891736009543,286.91740146302294,473.2162284035676
11.655160889272006,342.8386481153929,8.025685456830015,242.2094171919794,220.66835803792583
92.28689259044491,842.5444691620559,6.253955024627005,523.3012173009379,869.7743166190951
20.597597460112702,548.4301140371083,9.569996071278352,353.2013823172393,341.79450081366224
61.88648279628282,169.35245122089805,1.3818006838620254,233.17061910848307,278.43053983419077
34.66496986184854,152.69583631958128,3.3879352379992027,155.05170123284606,140.2103681477285
59.87602022642141,400.8144868264547,6.413984913698417,343.3736325953281,393.0801302914813
68.62783495166778,806.4072794003208,3.669039209853376,389.05537251962784,660.6534996737861
84.67676233364814,736.9128412668242,7.42981747664118,520.931061226463,765.6040952842701
28.577914458454288,809.7534682051657,7.831047542697379,380.3324185009235,474.80487276216235
10.989624579263243,565.5421507974484,1.9226436765982702,162.85779789272317,312.3923239560961
22.319706706192655,496.1790981599415,5.624690177860909,223.34994572410176,305.6575185249084
91.00167776632946,232.70727403565556,5.580015000319503,375.35323061224557,553.5377368795208
88.65010698062638,395.3734782483804,4.3235269319398695,373.15737588483114,614.2191732173378
63.76717919532775,490.61742955648776,9.396323763127048,466.2913276021116,478.67826911399254
64.0465174390288,179.7403867116555,8.44755687885899,379.0995265599757,322.73404317765977
69.853300709163,298.55075744009014,7.274884437186731,383.48751143172603,427.9913452311194
25.783415076110465,638.402764657365,7.428939721614978,324.51930344275223,385.40618485911955
92.29707513324638,762.0968028152708,5.1554452943180715,473.4333619795996,826.3289541338568
47.68934724028658,998.5127602536546,9.288950689869182,516.6939036961816,620.8688898992318
44.48246754245477,939.8019982092019,7.251358845279569,434.8107308748631,571.2832354790773
56.70259347545538,678.3086795816724,7.560829554902348,429.67518118546735,511.09076856834656
14.226937009754954,479.1232479646648,8.755218134086107,298.0195588681233,295.7286219789362
24.965503188047148,672.5596282374095,3.4666443040797192,230.2501033530865,389.868209856407
76.42302547837333,807.0864562722088,8.263638134800328,536.4343750422399,739.911673985208
17.45188011326138,206.50257183104858,2.7571654266084282,112.6103593857229,146.4478335572088
64.28368985197494,468.91440072665944,4.1080775702039904,312.1576168830867,456.2945556782987
32.081419871318886,855.8220570720555,4.020494088428585,292.03703183945595,490.10338140962125
45.036605263777886,445.4496567397396,9.806729215502266,412.81630471756904,333.99390289366954
35.98243630936299,614.6850441044679,8.708835013731342,389.13522372232916,389.38691877501464
42.01054448184542,628.9924247759784,7.310528754312338,367.2770629582244,407.2302461856757
74.71413146658209,266.02862782027546,7.5435108545385114,400.67913047912015,453.3090958909462
36.74095440608575,426.01189748705957,6.05865514962314,266.6133637810012,288.5229771664813
60.976417626720746,401.06015986773895,9.523816003976671,443.55866521303517,411.31808775662535
52.84453619791897,123.57703767885832,5.466328775941254,235.7205399045217,200.9990547467013
69.73040488263834,121.77258750221972,4.424659388829051,263.1120472271993,330.00524986314656
94.31467653922822,848.5273393081961,2.467318032384319,471.06812246625947,876.2947414210659
75.93148874892253,345.7637289755312,8.075850870349523,437.14082482116874,504.71247741830257
29.34463407316811,566.2708896149338,7.609995388680323,326.81596696438123,353.1338355944527
12.80648215551562,368.85301622989573,4.459195346717214,142.27772234957578,225.16842366033225
33.60376398698426,946.6113206038065,1.2267407256330642,302.55728595197394,529.1056797451217
63.55701376302294,333.36708297919637,8.550975949462096,411.2505877079792,395.7602198730244
14.628323213582531,486.69113146504156,1.1027618510866626,152.57993057844527,277.2367942021637
54.67296224811127,885.4572254361417,7.333298016661459,457.3396444444967,599.6184447293605
63.71585640252003,857.7402101126278,9.732313987534514,549.1043704503967,662.8182697188937
40.08195017352647,267.4912760616496,4.938951953333831,212.78615645411256,213.6479575060638
79.38209833712398,822.3789788161394,3.114760644963575,422.2938464163754,755.5387461989437
19.593842782039463,512.3681980641034,7.343839090390436,277.8458622524829,315.92044969389764
16.762400356222788,534.6719848768197,8.354153278140267,305.58035461702184,326.33627477769403
75.5369880583243,220.1319751743494,5.917872844700626,337.1073856652004,432.2164917571721
54.59421845855786,172.54136238141217,9.703317477305315,383.8501504951886,249.73290489853
71.95621567849625,755.1453762763887,1.46501849492165,381.13438806724275,656.6725251583929
49.13446047433716,546.8150371197698,5.543160384740753,311.4765797903218,391.1496395489471
32.17618299151961,493.1656323536616,7.466085525902951,315.9036104816367,319.2273617503622
83.71920859067798,756.5574057871571,8.76376424034261,562.2154079307811,772.3921158540578
81.94742910720814,788.9616090919988,2.6133005071701105,422.33387878673693,756.9397732595817
72.52268237689842,243.0173509024182,8.200031335873133,410.0597444148236,425.5730813675995
34.49306235069665,649.2026345298772,5.974363681466907,301.66639455978253,395.95536766878286
63.12076001821784,221.81867404991698,4.568983137909669,265.57987877229635,324.4055372178893
42.48765072460241,776.2375774261411,2.185435257211842,300.43253934423956,467.0463618856511
18.242386599397072,691.2596406404256,8.787661830180213,353.37388702750064,407.9931399710266
92.55822179160185,960.9531589751122,2.415458873617438,488.17401680929714,919.4372389951202
22.313676782706526,162.06221472077905,3.7880907328818934,122.0287873107436,133.08322408428438
95.52136184387221,151.3492490361289,3.610409787661932,338.3857393781155,540.182098136101
50.140519566216014,353.96836722388014,8.842726307717689,383.100238383264,310.11907314790807
